number,title,kind,state,created,closed
168,"[가디언] 실시간 경보 — AI_KEY_MISSING (AI 진단 실패, 1건)",가디언 경보,closed,2026-10-09,2026-10-09
159,fix: 앱 설치 색·오프라인 화면이 새 디자인과 다르고 위키 함수명이 코드와 다름,기타,open,2026-10-09,
156,[가디언] 실시간 경보 — SERVER_ERROR — 긴급도 medium (2건),가디언 경보,open,2026-10-09,
155,[가디언] 실시간 경보 — SERVER_ERROR — 긴급도 medium (2건),가디언 경보,open,2026-10-09,
154,[가디언] 실시간 경보 — SERVER_ERROR — 긴급도 medium (1건),가디언 경보,open,2026-10-08,
153,[가디언] 실시간 경보 — SERVER_ERROR — 긴급도 medium (2건),가디언 경보,open,2026-10-08,
152,[가디언] 실시간 경보 — SERVER_ERROR — 긴급도 medium (1건),가디언 경보,open,2026-10-08,
151,[가디언] 실시간 경보 — SERVER_ERROR — 긴급도 medium (2건),가디언 경보,open,2026-10-08,
148,[가디언] 실시간 경보 — SERVER_ERROR — 긴급도 medium (2건),가디언 경보,open,2026-10-08,
147,[가디언] 실시간 경보 — SERVER_ERROR — 긴급도 medium (1건),가디언 경보,open,2026-10-08,
146,[가디언] 실시간 경보 — SERVER_ERROR — 긴급도 medium (1건),가디언 경보,open,2026-10-08,
145,[보안 동향] 배운 금지 문자열,보안,open,2026-10-08,
144,[보안 동향] 실시간 요약,보안,open,2026-10-08,
139,[가디언] 실시간 경보 — SERVER_ERROR — 긴급도 medium (2건),가디언 경보,open,2026-10-08,
137,[가디언] 실시간 경보 — SERVER_ERROR — 긴급도 medium (1건),가디언 경보,open,2026-10-08,
136,[가디언] 실시간 경보 — SERVER_ERROR — 긴급도 high (2건),가디언 경보,open,2026-10-08,
135,[가디언] 실시간 경보 — SERVER_ERROR — 긴급도 medium (2건),가디언 경보,open,2026-10-08,
134,[가디언] 실시간 경보 — SERVER_ERROR — 긴급도 medium (2건),가디언 경보,open,2026-10-08,
133,[가디언] 실시간 경보 — SERVER_ERROR — 긴급도 medium (1건),가디언 경보,open,2026-10-08,
127,[품질] 건너뛰기 링크 없음,품질 점검,open,2026-10-08,
126,[품질] 정적 파일 캐시 헤더 미흡,품질 점검,open,2026-10-08,
115,[가디언] 자동 수정 학습 기록,가디언 경보,open,2026-10-08,
114,[품질] 본문 건너뛰기 링크 없음,품질 점검,open,2026-10-08,
113,[품질] 정적 파일 캐시 헤더 없음,품질 점검,closed,2026-10-08,2026-10-08
112,[품질 점검] 체크리스트 보고서,품질 점검,open,2026-10-08,
106,스크롤 시 상단 바 접기,기타,closed,2026-10-08,2026-10-09
105,화면 디자인 전면 개편과 프론트엔드 코드 정리,기타,closed,2026-10-08,2026-10-09
100,"[가디언] 실시간 경보 — BRUTE_FORCE_SUSPECTED (AI 진단 실패, 6건)",가디언 경보,closed,2026-10-08,2026-10-08
99,"[가디언] 실시간 경보 — BRUTE_FORCE_SUSPECTED (AI 진단 실패, 6건)",가디언 경보,closed,2026-10-08,2026-10-08
98,"[가디언] 실시간 경보 — BRUTE_FORCE_SUSPECTED (AI 진단 실패, 6건)",가디언 경보,closed,2026-10-08,2026-10-08
97,"[가디언] 실시간 경보 — BRUTE_FORCE_SUSPECTED (AI 진단 실패, 1건)",가디언 경보,closed,2026-10-08,2026-10-08
96,"[가디언] 실시간 경보 — BRUTE_FORCE_SUSPECTED (AI 진단 실패, 6건)",가디언 경보,closed,2026-10-08,2026-10-08
95,[가디언] 실시간 경보 — DB_ERROR — 긴급도 low (1건),가디언 경보,closed,2026-10-08,2026-10-08
94,"[가디언] 실시간 경보 — BRUTE_FORCE_SUSPECTED (AI 진단 실패, 6건)",가디언 경보,closed,2026-10-08,2026-10-08
93,"[가디언] 실시간 경보 — BRUTE_FORCE_SUSPECTED (AI 진단 실패, 6건)",가디언 경보,closed,2026-10-08,2026-10-08
92,"[가디언] 실시간 경보 — BRUTE_FORCE_SUSPECTED (AI 진단 실패, 6건)",가디언 경보,closed,2026-10-08,2026-10-08
91,"[가디언] 실시간 경보 — BRUTE_FORCE_SUSPECTED (AI 진단 실패, 1건)",가디언 경보,closed,2026-10-08,2026-10-08
90,"[가디언] 실시간 경보 — BRUTE_FORCE_SUSPECTED (AI 진단 실패, 6건)",가디언 경보,closed,2026-10-08,2026-10-08
89,[가디언] 실시간 경보 — DB_ERROR — 긴급도 low (1건),가디언 경보,closed,2026-10-08,2026-10-08
88,"[가디언] 실시간 경보 — BRUTE_FORCE_SUSPECTED (AI 진단 실패, 6건)",가디언 경보,closed,2026-10-08,2026-10-08
87,"[가디언] 실시간 경보 — BRUTE_FORCE_SUSPECTED (AI 진단 실패, 6건)",가디언 경보,closed,2026-10-08,2026-10-08
86,"[가디언] 실시간 경보 — BRUTE_FORCE_SUSPECTED (AI 진단 실패, 6건)",가디언 경보,closed,2026-10-08,2026-10-08
85,"[가디언] 실시간 경보 — BRUTE_FORCE_SUSPECTED (AI 진단 실패, 1건)",가디언 경보,closed,2026-10-08,2026-10-08
84,"[가디언] 실시간 경보 — BRUTE_FORCE_SUSPECTED (AI 진단 실패, 6건)",가디언 경보,closed,2026-10-08,2026-10-08
83,[가디언] 실시간 경보 — DB_ERROR — 긴급도 low (1건),가디언 경보,closed,2026-10-08,2026-10-08
82,"[가디언] 실시간 경보 — BRUTE_FORCE_SUSPECTED (AI 진단 실패, 6건)",가디언 경보,closed,2026-10-08,2026-10-08
81,"[가디언] 실시간 경보 — BRUTE_FORCE_SUSPECTED (AI 진단 실패, 6건)",가디언 경보,closed,2026-10-08,2026-10-08
80,"[가디언] 실시간 경보 — BRUTE_FORCE_SUSPECTED (AI 진단 실패, 6건)",가디언 경보,closed,2026-10-08,2026-10-08
79,"[가디언] 실시간 경보 — BRUTE_FORCE_SUSPECTED (AI 진단 실패, 1건)",가디언 경보,closed,2026-10-08,2026-10-08
78,"[가디언] 실시간 경보 — BRUTE_FORCE_SUSPECTED (AI 진단 실패, 6건)",가디언 경보,closed,2026-10-08,2026-10-08
77,[가디언] 실시간 경보 — DB_ERROR — 긴급도 low (1건),가디언 경보,closed,2026-10-08,2026-10-08
76,"[가디언] 실시간 경보 — BRUTE_FORCE_SUSPECTED (AI 진단 실패, 6건)",가디언 경보,closed,2026-10-08,2026-10-08
75,"[가디언] 실시간 경보 — BRUTE_FORCE_SUSPECTED (AI 진단 실패, 6건)",가디언 경보,closed,2026-10-08,2026-10-08
74,"[가디언] 실시간 경보 — BRUTE_FORCE_SUSPECTED (AI 진단 실패, 6건)",가디언 경보,closed,2026-10-08,2026-10-08
73,"[가디언] 실시간 경보 — BRUTE_FORCE_SUSPECTED (AI 진단 실패, 1건)",가디언 경보,closed,2026-10-08,2026-10-08
72,"[가디언] 실시간 경보 — BRUTE_FORCE_SUSPECTED (AI 진단 실패, 6건)",가디언 경보,closed,2026-10-08,2026-10-08
71,[가디언] 실시간 경보 — DB_ERROR — 긴급도 low (1건),가디언 경보,closed,2026-10-08,2026-10-08
70,"[가디언] 실시간 경보 — BRUTE_FORCE_SUSPECTED (AI 진단 실패, 6건)",가디언 경보,closed,2026-10-08,2026-10-08
69,"[가디언] 실시간 경보 — BRUTE_FORCE_SUSPECTED (AI 진단 실패, 6건)",가디언 경보,closed,2026-10-08,2026-10-08
68,"[가디언] 실시간 경보 — BRUTE_FORCE_SUSPECTED (AI 진단 실패, 6건)",가디언 경보,closed,2026-10-08,2026-10-08
67,"[가디언] 실시간 경보 — BRUTE_FORCE_SUSPECTED (AI 진단 실패, 1건)",가디언 경보,closed,2026-10-08,2026-10-08
66,"[가디언] 실시간 경보 — BRUTE_FORCE_SUSPECTED (AI 진단 실패, 6건)",가디언 경보,closed,2026-10-08,2026-10-08
65,[가디언] 실시간 경보 — DB_ERROR — 긴급도 low (1건),가디언 경보,closed,2026-10-08,2026-10-08
64,"[가디언] 실시간 경보 — BRUTE_FORCE_SUSPECTED (AI 진단 실패, 6건)",가디언 경보,closed,2026-10-08,2026-10-08
63,"[가디언] 실시간 경보 — BRUTE_FORCE_SUSPECTED (AI 진단 실패, 6건)",가디언 경보,closed,2026-10-08,2026-10-08
62,"[가디언] 실시간 경보 — BRUTE_FORCE_SUSPECTED (AI 진단 실패, 6건)",가디언 경보,closed,2026-10-08,2026-10-08
61,"[가디언] 실시간 경보 — BRUTE_FORCE_SUSPECTED (AI 진단 실패, 1건)",가디언 경보,closed,2026-10-08,2026-10-08
60,"[가디언] 실시간 경보 — BRUTE_FORCE_SUSPECTED (AI 진단 실패, 6건)",가디언 경보,closed,2026-10-08,2026-10-08
59,[가디언] 실시간 경보 — DB_ERROR — 긴급도 low (1건),가디언 경보,closed,2026-10-08,2026-10-08
50,SEO 및 공유 미리보기 메타데이터 보강,기타,closed,2026-10-06,2026-10-08
49,상태 메시지 공통 컴포넌트로 리팩터링,기타,closed,2026-10-06,2026-10-08
48,채팅 메시지 타임스탬프 표시 추가,기타,closed,2026-10-06,2026-10-08
47,설명 페이지 공통 스타일 적용,기타,closed,2026-10-06,2026-10-08
46,PWA 오프라인 캐싱 전략 개선,기타,closed,2026-10-06,2026-10-08
45,온디바이스 패널 전환 애니메이션 추가,기타,closed,2026-10-06,2026-10-08
44,작은 화면 채팅 레이아웃 개선,기타,closed,2026-10-06,2026-10-08
43,AI 응답 대기 인디케이터 추가,기타,closed,2026-10-06,2026-10-08
42,시스템 색상 테마 지원 추가,기타,closed,2026-10-06,2026-10-08
41,채팅 UI 스크린리더 접근성 개선,기타,closed,2026-10-06,2026-10-08
17,배포·통합 점검,기타,open,2026-09-29,
16,ERD·API 문서,기타,open,2026-09-29,
15,테스트 보강·로그 개선,기타,closed,2026-09-29,2026-10-06
14,작품 즐겨찾기,기타,closed,2026-09-29,2026-10-06
13,오류·로딩 표시와 출처 복사 버튼,기타,closed,2026-09-29,2026-10-09
12,모바일·접근성,기타,closed,2026-09-29,2026-10-09
11,내 대화 목록 화면,기타,closed,2026-09-29,2026-10-09
10,한국어 작가명·동의어 매핑,기타,open,2026-09-29,
9,검색 관련도 필터,기타,open,2026-09-29,
8,MET 데이터 수집·적재,기타,open,2026-09-29,
